% Model,BulbHydroForce.mph
% Version,COMSOL 6.0.0.405
% Date,"May 15 2025, 19:07"
% Table,Calcul des Moments - 
% angle (deg),(x-x0)*spf.T_stressy-(y-y0)*spf.T_stressx (N*m),(x-x0)*spf.T_stressy-(y-y0)*spf.T_stressx (N*m),((x-x0)*spf.T_stressy-(y-y0)*spf.T_stressx)*hWing/hWingUp (N*m)
0,-0.04111679145457375,-0.13233601491355843,-0.09210161285825169
4,-1.258570694422282,-2.9619829230091073,-2.81919835550591
8,-2.292706930979996,-5.3175319019678655,-5.135663525395193
12.000000000000002,-2.966118543056245,-6.894123253689946,-6.644105536446009
16,-3.044119120008605,-7.226590394338659,-6.818826828819292
